epoch,train_loss,valid_loss,accuracy,time
0,2.2088403701782227,0.9927567839622498,0.5560747385025024,07:51
1,0.9226547479629517,0.7415448427200317,0.5700934529304504,07:50
